"income","exper","educ","motheduc","IQ"
48100,9,12,8,93
72100,16,12,12,103
25000,10,11,12,88
72900,16,12,7,108
50000,8,12,12,85
56500,9,18,14,119
60800,9,14,14,108
42500,10,12,12,96
51500,11,12,12,97
22500,13,9,12,84
40000,8,12,6,89
41700,7,11,6,93
21700,13,11,6,74
89400,9,16,8,116
34600,16,12,8,93
65800,9,14,12,100
57500,10,10,8,91
64900,14,12,8,88
61400,10,18,8,114
72600,11,15,14,111
69300,14,12,12,95
140000,10,18,13,132
180000,8,18,16,109
41300,7,12,12,108
63200,9,14,16,102
20800,7,12,12,106
45700,7,12,11,104
82400,2,16,10,119
57700,10,18,12,122
25500,11,11,10,90
96200,8,16,12,118
94400,15,10,6,105
114600,10,18,11,115
23500,7,11,12,65
100000,16,12,10,120
48100,11,9,12,86
62400,11,15,12,109
65000,17,11,10,72
35300,6,12,11,101
65900,6,13,12,105
62100,5,17,10,136
44000,7,12,11,101
73800,8,12,10,96
70500,9,12,8,101
42500,9,12,12,91
53800,8,16,12,115
74000,10,16,12,113
67300,13,13,12,123
76900,16,12,10,95
59200,6,12,10,102
156300,12,16,12,145
77400,6,16,11,114
60000,8,12,9,113
57000,12,13,12,93
53800,7,15,12,119
62700,7,12,9,108
54500,8,12,11,72
57600,7,12,9,86
70000,3,16,12,123
78800,6,16,12,103
101200,4,17,12,101
60100,9,14,16,105
50000,8,12,12,95
55000,14,11,6,98
81000,7,18,8,115
31300,10,12,9,60
73100,1,18,4,135
62500,3,16,10,132
58800,4,14,12,106
37500,6,14,12,113
81700,7,16,11,102
86500,10,14,12,91
35000,7,15,12,104
50500,13,13,16,97
81600,7,17,13,125
62500,2,18,12,123
76900,8,18,16,128
50000,4,17,17,133
61900,4,17,8,114
65000,12,12,8,103
76900,4,18,12,130
51200,8,12,12,97
62500,7,18,13,132
111100,11,14,12,98
72100,9,13,12,108
115400,12,14,12,107
82700,10,18,18,129
107600,5,17,17,132
62500,15,12,8,101
46000,8,13,8,92
90000,4,14,12,108
68200,5,18,9,132
62500,8,13,15,106
100500,8,18,12,123
72500,7,11,11,109
75000,6,15,11,103
52900,9,14,8,108
97200,6,17,12,122
47200,8,12,12,109
32500,6,12,12,102
87500,16,12,12,109
62500,15,13,10,100
33700,8,12,10,93
48100,5,16,5,115
96200,6,18,14,125
61500,7,16,12,106
70200,8,14,12,113
63500,11,14,12,122
81700,9,12,10,116
57700,6,14,12,116
46600,3,17,12,105
79300,9,16,12,112
63500,8,14,12,113
70500,7,16,12,94
63500,8,14,9,103
69400,12,12,12,102
61500,15,13,12,109
46200,4,16,10,130
86500,16,12,12,105
73700,9,18,12,134
80800,13,12,7,105
65400,4,16,12,104
30000,7,12,12,112
57700,8,16,10,115
59400,7,18,8,117
32500,3,17,8,114
38500,2,16,8,118
100000,1,18,12,107
46500,4,18,11,120
44000,6,16,18,131
62500,5,16,17,124
28500,4,17,12,121
65000,7,14,12,110
80800,6,13,12,103
83100,4,16,12,115
50000,13,12,6,96
69300,9,17,12,123
110000,9,12,10,101
76300,7,12,12,98
33300,3,16,8,108
40900,6,18,12,138
86500,5,16,12,121
88800,13,12,12,96
67300,16,12,12,89
25000,9,18,16,133
62500,10,11,9,84
57600,9,13,12,98
61300,8,12,9,85
70000,13,12,9,105
45000,6,12,9,93
50000,6,16,12,115
25000,3,16,12,146
37500,11,12,12,82
45700,13,15,12,120
95100,10,12,12,122
28900,3,16,14,128
72600,8,18,12,114
126500,5,18,12,117
61300,3,17,18,109
54500,10,12,11,91
27800,9,13,8,107
144200,10,18,12,114
99500,5,16,12,126
70000,11,12,11,82
57700,6,16,12,119
85800,9,16,12,104
63300,14,13,8,83
68900,14,12,12,97
76900,10,14,8,119
38500,6,15,14,105
61500,9,12,12,114
68200,16,12,8,93
80000,16,11,8,96
102600,6,18,16,117
76900,4,15,12,113
29000,16,10,14,106
52900,9,13,8,104
47500,8,12,12,104
45000,8,12,12,102
30000,7,13,16,122
38500,12,12,12,96
128200,11,15,16,95
58800,3,16,12,117
60000,9,12,16,105
44000,15,12,8,94
46700,2,18,16,139
92900,6,17,12,91
55600,5,16,12,96
43800,5,13,12,114
60000,11,12,10,54
57500,8,12,10,69
38900,8,12,10,67
47100,3,18,16,125
20200,3,17,16,124
35000,1,17,17,113
37500,4,14,12,100
48100,3,16,9,97
96200,7,18,8,125
42300,6,15,12,106
50000,6,15,12,101
57500,14,12,9,91
57700,15,12,8,86
31000,13,12,9,110
132200,12,14,12,92
55100,18,10,9,85
88100,7,17,8,120
42700,8,12,9,107
57600,2,16,9,116
67300,6,16,12,121
57700,5,16,12,112
77000,7,12,11,100
50000,8,12,12,112
39100,6,16,12,108
81000,16,12,10,90
86400,2,17,12,127
70000,12,10,8,86
51000,7,12,12,113
61500,15,13,12,111
76100,9,14,8,113
44500,2,16,12,111
75000,2,16,12,112
70000,2,16,12,114
60800,11,12,12,111
45000,5,13,8,106
50000,13,14,12,79
36500,8,12,12,98
81300,8,12,12,105
52400,11,12,10,105
81500,9,13,12,118
75000,10,12,12,100
112500,14,12,12,90
62500,10,12,9,95
71500,5,14,12,112
59100,13,12,12,96
40400,4,17,12,127
67500,10,12,12,120
44400,7,12,12,123
70000,7,12,12,98
32500,8,12,12,114
66800,7,13,16,103
240400,7,18,16,121
75800,3,16,14,117
98600,12,16,12,90
57700,7,12,12,125
28600,6,17,12,104
23100,8,14,16,106
61500,7,15,10,122
70000,4,15,10,120
71400,9,18,7,112
86800,4,18,9,109
91700,7,16,10,128
106500,9,12,12,97
40000,11,12,12,96
64000,9,12,12,103
64100,4,17,12,127
81700,6,12,12,97
97500,4,17,9,120
75000,11,12,7,78
46300,3,15,8,118
40100,9,12,9,89
119200,4,17,6,122
62500,6,14,6,98
71400,8,13,12,101
55300,12,12,7,112
57900,16,12,2,88
192300,9,18,12,136
80600,4,16,10,124
34400,11,12,6,96
96200,14,12,14,97
83700,10,18,10,107
141000,6,16,10,102
48000,7,12,12,115
60000,6,12,8,94
41700,5,14,12,92
30000,3,16,13,116
72100,14,12,6,101
73800,14,10,7,106
80500,14,12,9,88
40000,14,10,8,59
96200,5,18,16,126
81700,3,18,16,126
72100,6,18,12,105
91300,0,18,16,123
37900,4,17,12,119
35000,6,14,12,108
69400,16,11,8,93
101400,14,12,12,82
113600,10,18,16,123
170900,6,18,16,134
52900,8,12,8,84
67300,9,17,16,101
101000,5,17,13,125
84600,4,18,12,117
71000,10,11,12,98
82000,4,16,13,118
50000,4,15,10,129
104900,9,16,12,96
120200,5,18,12,124
64800,6,16,10,122
87500,11,13,12,85
54800,2,17,12,112
224400,13,15,8,111
144200,13,12,8,90
126200,9,18,16,101
60000,6,12,9,100
30000,9,11,10,95
53800,2,16,12,120
84600,15,12,12,101
100000,10,12,8,90
56100,4,16,15,122
28500,2,18,18,140
43700,5,16,12,106
32500,6,13,12,93
58000,6,16,12,119
58800,4,16,12,95
80100,5,18,12,115
31200,5,14,10,119
25000,11,12,11,67
50000,6,15,11,97
75000,15,12,12,111
34300,12,13,11,101
25000,7,15,11,112
70000,2,16,10,107
40000,7,12,8,93
55500,4,17,12,122
69900,7,15,12,106
121600,8,18,10,127
61500,7,16,12,113
74500,5,14,12,115
64700,1,18,10,118
74500,7,12,12,106
81500,3,16,12,118
86500,9,16,10,126
54200,10,12,8,95
36500,8,13,12,107
41700,8,10,12,100
65700,5,16,12,102
52900,5,15,12,113
85100,6,17,12,96
66300,7,12,9,106
88900,4,18,12,111
86500,5,17,12,113
23100,2,18,12,138
80200,14,12,9,110
53300,8,13,12,105
77500,4,15,14,85
101400,6,16,12,117
64100,8,18,16,126
33300,2,16,10,125
52800,2,18,12,125
115400,12,16,12,89
81700,1,18,11,125
69200,5,18,12,129
98900,11,16,8,118
44700,9,16,12,114
100200,10,18,12,121
124100,10,18,12,115
92100,12,14,12,120
57100,10,12,8,85
52500,13,12,11,109
115400,10,12,12,117
63500,4,14,12,104
38800,7,13,12,109
68800,8,12,10,105
104400,13,15,8,115
50000,7,12,12,89
78100,16,12,12,85
57700,7,13,11,102
52500,6,13,11,109
38500,5,17,12,107
62500,6,16,11,103
47500,7,13,12,83
65900,5,14,12,112
52400,5,14,11,106
62500,8,12,10,101
101000,9,16,12,105
60100,8,12,12,116
42600,10,12,7,90
106000,12,12,11,91
41400,8,12,11,128
49200,12,12,7,110
32500,9,12,7,93
27500,10,12,7,75
29100,7,12,12,94
48800,6,14,12,112
33700,4,14,12,121
72500,9,12,12,100
44000,6,13,12,109
64100,5,16,8,122
37500,10,12,11,102
92500,9,14,8,122
106500,15,12,10,105
63800,10,12,10,103
73900,14,12,9,113
49300,8,12,8,104
62900,8,16,9,124
40900,9,13,12,110
74500,10,12,12,104
54900,11,12,12,95
32600,3,15,12,95
87500,8,12,12,103
63900,7,12,12,116
50400,9,14,12,95
31300,2,17,12,101
72100,6,16,18,120
78500,9,12,8,102
54600,16,12,12,105
82800,7,12,8,103
15900,7,12,10,94
72100,9,13,12,102
55300,3,16,16,112
54200,6,14,6,101
50900,2,16,12,121
38500,2,16,12,105
144200,14,12,8,96
87900,10,16,14,128
86300,10,12,9,110
74000,9,12,12,92
45800,8,15,10,126
45000,16,12,9,98
74400,13,14,12,122
88900,10,16,11,109
69200,8,18,12,125
60400,9,18,12,119
62500,6,18,14,97
74600,13,14,12,103
72600,9,18,16,95
56000,12,12,10,99
42400,8,12,10,106
40000,8,12,12,117
25000,6,14,12,112
64600,7,13,12,136
100000,9,12,8,110
52800,10,12,13,111
48100,8,12,13,115
85000,15,12,12,90
51200,11,12,8,106
24000,13,12,12,95
55700,10,12,12,115
50000,6,15,12,106
35000,9,10,8,91
58400,8,12,8,114
51500,7,13,12,92
28000,3,16,12,111
30000,8,12,12,96
63500,4,17,13,119
34200,7,13,13,85
50500,4,16,12,98
35600,5,13,12,114
74000,10,13,16,108
27600,8,15,12,121
35000,11,12,8,107
75000,10,15,12,105
69200,11,16,9,105
14700,16,12,14,88
28000,8,12,10,96
76900,8,18,7,105
51700,6,14,14,100
40000,4,16,14,116
37500,7,12,10,86
59600,13,12,10,88
33800,7,16,12,112
48100,2,18,14,125
76900,7,16,12,117
72100,4,16,12,110
100000,10,13,9,104
62500,10,14,12,101
81700,4,16,11,99
41100,4,14,12,117
19200,16,10,9,86
92400,12,16,10,69
24000,5,15,16,105
62500,6,13,12,104
50300,10,12,11,109
46200,6,16,8,85
47600,3,16,11,114
50000,5,15,13,99
70700,13,15,12,119
36500,6,15,12,112
46200,1,18,12,107
102600,9,18,12,117
37500,5,18,16,125
153800,10,18,16,112
92300,9,18,14,106
56800,7,13,12,104
60000,5,14,12,89
72100,6,15,12,116
71200,7,14,8,123
80800,7,16,8,118
92500,10,11,12,106
120000,12,12,12,103
58100,13,14,8,114
68600,11,17,8,105
100000,8,18,8,84
69000,10,12,11,89
50000,10,12,16,81
75000,14,13,12,118
91300,6,17,16,91
57700,2,16,12,113
60100,8,12,12,121
57700,13,12,12,102
67700,14,12,6,104
47300,3,18,10,106
62000,11,15,12,108
37800,2,16,12,108
24300,3,16,13,121
75000,8,12,12,87
44100,6,18,14,107
68800,9,14,14,112
50100,1,18,14,116
40000,11,12,12,115
98100,8,12,12,107
64900,10,14,12,117
70700,6,16,11,97
104300,11,12,12,96
57500,8,13,6,91
86500,6,14,6,97
71300,10,12,8,90
67300,5,16,8,112
66200,7,12,8,97
54300,9,14,8,120
52500,6,13,12,109
50000,16,12,9,99
24000,10,10,8,99
40400,9,12,11,97
45000,7,12,11,95
96200,10,12,6,80
75000,7,14,8,126
69200,11,17,12,109
71000,12,11,11,86
83300,9,12,12,112
30800,8,12,12,98
62500,7,16,12,119
67300,3,16,12,102
40000,10,17,10,128
40900,10,17,12,113
55900,10,18,9,105
102600,4,17,18,124
120200,4,14,13,94
32900,2,17,12,117
48100,3,18,14,116
128200,12,16,12,112
44400,3,18,9,105
48100,6,16,9,87
46700,6,12,12,108
28600,6,15,12,89
57700,9,18,12,119
72100,9,14,12,97
46200,7,12,8,89
20000,6,12,12,131
76900,6,16,16,85
77500,4,17,16,132
64100,2,16,16,114
105500,13,14,10,98
67600,9,16,12,110
96200,7,17,12,118
40000,9,13,12,90
67300,5,16,12,108
144200,10,18,11,112
52900,8,18,10,100
70000,7,14,11,84
49400,1,18,10,97
50000,6,12,8,113
71700,9,13,12,105
57500,11,12,10,88
35000,7,12,10,74
64300,7,16,12,115
67900,7,15,12,91
53400,9,12,9,103
52400,9,16,10,102
66700,6,16,10,98
31100,3,18,12,82
66000,11,14,12,112
69200,9,16,9,108
57700,7,15,7,90
29200,5,16,8,111
75000,7,13,11,96
120200,11,16,16,127
160300,12,15,8,97
76900,12,14,12,120
51300,9,16,16,101
80500,13,12,8,100
96200,11,17,8,99
67500,7,12,16,104
39800,5,13,8,116
85500,13,14,12,120
69300,8,11,9,95
34500,8,13,8,99
46900,7,16,16,122
30000,4,16,12,106
67300,1,18,9,101
80800,11,16,6,104
72700,10,13,12,99
142500,11,12,12,101
76100,10,12,5,110
60000,8,12,5,94
111100,10,16,15,111
76300,11,16,17,120
65000,14,12,8,108
115500,7,14,16,111
55500,11,12,11,103
100000,9,11,11,97
86400,13,12,11,106
61300,13,13,6,109
81800,7,13,10,79
30000,9,10,12,62
70200,8,16,9,110
132200,12,16,12,117
38000,9,12,12,72
66300,17,10,11,72
60000,17,10,11,88
103400,8,18,12,123
107900,5,14,12,91
40000,0,18,12,98
64100,11,16,12,119
62000,14,12,8,87
48100,7,17,11,121
54500,8,12,12,112
78600,6,14,12,113
48500,1,18,12,125
72200,14,14,11,121
69500,7,15,12,128
79300,11,15,12,103
192300,11,16,16,99
79300,12,15,12,101
65400,12,14,8,109
51300,9,12,12,73
38400,9,14,12,88
50000,5,16,16,116
60100,4,15,11,137
43800,9,12,12,105
50000,7,12,12,98
126400,9,18,18,122
74700,6,14,14,104
51300,7,14,12,78
67200,7,16,12,93
22000,10,13,12,101
120200,9,18,12,134
66700,12,12,12,85
44400,4,15,12,104
54300,7,12,12,104
50000,9,12,8,93
35000,11,11,5,94
72600,15,12,8,109
53600,14,13,11,119
53200,7,13,12,98
85000,8,18,12,112
47400,4,16,8,104
65600,7,13,10,96
46200,5,14,11,102
70200,7,13,8,122
52400,7,12,8,107
57700,14,12,12,97
42300,8,18,12,115
64000,7,15,12,103
110100,7,16,14,106
64900,4,16,14,96
45000,8,12,8,114
69800,10,11,9,86
55600,6,16,13,110
37500,2,17,13,132
67300,7,15,12,126
30800,11,13,8,102
58500,16,12,12,87
78100,6,12,13,89
65600,9,12,8,106
42300,10,12,5,100
128200,6,16,12,98
96200,7,12,12,97
80000,12,12,16,111
75000,15,12,12,100
64700,5,18,12,110
93800,11,12,12,114
53700,5,17,12,135
29000,3,15,16,121
19200,11,12,8,95
81300,6,18,13,98
72700,11,12,12,90
112500,6,12,12,116
70500,9,11,9,89
33700,6,15,12,105
83300,5,17,12,117
19200,3,17,12,75
73000,8,12,12,87
54200,10,10,11,74
82300,10,12,11,91
43800,8,12,11,90
42700,2,16,12,112
34000,12,12,12,90
48100,15,13,11,130
81700,10,16,12,108
50000,10,12,12,86
44700,4,16,11,125
21700,4,15,11,94
35200,3,15,10,109
72100,11,12,10,98
65400,6,17,12,114
80300,4,16,16,125
57000,9,12,12,100
60000,3,16,12,104
45000,7,13,10,112
44500,7,13,2,100
59000,8,15,11,104
72100,5,14,12,97
69300,14,12,8,120
52900,7,13,8,134
47000,15,9,8,92
48100,4,16,13,129
46200,3,16,13,122
86500,12,14,12,118
71300,8,16,12,101
74000,6,12,12,107
81700,8,14,10,92
67700,16,12,12,92
79700,7,16,12,121
76900,5,13,17,102
46200,3,16,16,118
80000,13,13,7,92
67300,4,17,12,108
91100,14,12,12,119
38500,2,16,12,106
43600,6,12,11,98
52600,7,12,8,109
54200,3,16,15,120
76900,9,13,16,127
71100,3,18,12,101
34600,10,18,8,108
78700,14,12,8,91
45500,6,14,12,118
46000,2,16,12,110
27700,7,13,14,119
80800,11,17,12,103
62400,7,14,14,103
69700,8,12,12,104
37800,6,14,12,108
47300,6,12,12,118
42500,6,12,12,98
64900,2,16,12,120
49100,4,15,15,144
50000,8,12,7,100
37000,7,14,10,86
50600,6,18,8,122
61900,9,12,13,98
36100,12,12,13,101
58800,10,12,8,117
35000,6,12,8,119
48400,14,12,12,105
83500,17,11,9,104
38500,5,17,12,111
45000,8,11,8,96
49100,6,16,8,94
83100,8,18,12,101
43400,12,12,8,83
70000,8,12,8,112
54200,10,10,8,93
39500,16,12,9,105
118700,7,12,15,105
50100,7,12,10,88
33600,2,16,13,122
56500,14,12,8,96
96400,11,17,12,123
80000,10,12,12,104
60900,12,12,11,108
67000,3,16,12,116
44500,8,11,7,92
48500,6,13,12,102
71000,8,18,16,109
50000,8,13,12,97
45700,4,16,12,101
41000,9,12,11,98
48600,9,12,8,96
96200,7,18,13,122
35900,2,16,12,114
33000,6,12,12,100
62500,10,12,10,104
49500,8,12,8,111
65300,11,12,12,110
72200,9,12,12,87
70400,7,12,12,103
62500,13,12,12,95
62200,5,18,15,116
42700,5,15,15,109
65300,11,12,12,104
64300,12,12,12,104
57500,16,12,12,110
66400,0,18,16,116
55500,13,13,13,94
64200,7,15,16,115
66700,8,14,8,123
132000,4,18,13,113
78100,3,16,12,106
81700,5,14,12,114
52000,10,12,6,95
57700,9,12,6,113
62500,6,16,12,111
47000,6,14,12,100
62800,8,13,12,95
55400,14,12,8,100
64100,3,16,12,130
51300,15,13,12,98
60400,9,12,12,103
70000,14,13,15,108
102100,15,12,12,101
71400,13,12,12,90
50000,10,12,8,79
58300,10,12,8,94
70600,13,12,8,115
52000,8,16,12,118
68400,6,16,14,114
27600,6,13,11,84
70700,15,13,12,92
78800,16,12,11,107
131900,7,18,12,137
40400,8,14,8,129
30000,3,16,12,101
67300,8,12,12,98
72200,16,12,8,108
76900,4,16,2,114
76000,8,16,12,110
43400,6,18,12,111
119200,15,13,8,99
46200,8,17,4,113
37000,6,12,12,101
47500,12,12,12,99
43500,10,12,12,101
33200,8,12,12,75
64000,9,16,12,102
50500,16,12,6,91
62500,7,16,12,113
46200,13,12,8,120
81700,4,17,16,134
43300,1,17,13,105
64100,5,14,12,98
22500,4,15,12,107
72100,13,15,14,110
72200,4,16,12,101
81700,7,16,16,107
66400,5,16,13,115
89700,4,18,12,121
53900,10,15,12,134
72100,9,15,12,105
92500,5,13,12,97
50800,10,12,10,108
92900,10,16,10,113
52000,2,16,12,137
94000,13,12,12,110
76600,3,16,12,120
70700,7,15,12,105
68400,12,12,10,121
41700,4,16,12,113
60000,5,18,12,113
68200,4,15,13,101
91800,7,18,9,104
116700,10,12,12,92
76500,12,11,10,80
96200,8,12,10,117
30000,3,18,12,134
65800,2,16,12,126
46200,8,12,8,95
72100,6,12,8,102
90900,14,12,10,112
92500,10,12,8,70
75000,10,12,6,83
56300,10,12,6,84
62500,6,14,10,104
138000,9,12,12,109
47000,5,14,12,111
78800,10,12,12,97
23000,3,16,12,120
31500,15,12,12,94
35500,6,17,5,116
64900,7,13,12,101
60000,10,11,15,110
20600,7,13,14,131
48100,9,12,11,122
48500,5,13,10,88
75900,5,18,12,111
99500,8,12,12,90
31400,3,16,12,120
78300,11,12,8,108
65000,13,13,12,99
47500,13,11,12,80
72600,15,11,10,93
72100,6,16,12,96
60000,8,12,13,108
69200,4,15,12,110
42300,7,15,11,118
57700,12,16,18,113
63500,3,18,10,112
41000,9,12,12,115
37000,2,16,10,117
78900,4,16,10,119
125100,10,12,12,94
80800,8,16,13,109
30800,8,16,12,107
67300,8,16,6,121
45000,10,12,9,121
33300,8,12,7,89
91300,14,12,12,101
12800,10,11,9,68
39600,5,16,12,118
47500,9,13,12,102
30000,2,16,12,102
63000,14,12,9,109
48500,15,12,4,94
54900,12,12,6,115
37200,7,12,6,101
64100,16,12,8,92
51900,11,12,8,89
38500,11,9,11,71
45000,7,16,8,97
31500,8,12,12,116
73100,9,14,12,130
32500,14,12,12,102
61600,6,16,12,119
34600,9,15,10,104
47100,9,13,13,91
30000,9,12,8,93
26700,10,12,8,95
23000,10,12,10,74
43200,4,14,10,115
53100,8,12,12,89
110000,9,12,11,92
58800,10,12,12,104
84100,6,18,15,109
64100,3,15,10,124
35000,6,15,12,94
61800,11,16,12,120
40000,7,12,10,111
70000,16,11,8,96
31100,6,15,12,103
24300,4,14,12,110
24800,14,12,7,67
42300,13,11,8,69
60000,16,11,8,91
70000,2,17,4,104
30000,6,12,12,124
69100,6,12,12,98
60000,12,12,9,86
70000,12,12,12,118
27500,5,14,12,98
67500,19,9,7,92
44900,5,17,12,116
63500,8,16,12,97
125000,9,14,9,109
96200,5,18,18,105
49000,1,18,13,99
75000,13,14,12,108
32600,2,18,12,100
43000,5,18,12,117
57100,8,12,11,101
91300,6,16,12,111
57700,10,14,10,101
72100,10,18,8,92
96200,11,16,8,106
62500,15,12,12,102
71300,6,14,12,115
71000,6,12,10,99
91300,10,16,11,118
69200,10,13,13,132
65000,7,13,12,108
61000,5,14,12,103
72600,11,12,14,98
76700,13,13,8,111
62000,9,12,12,97
72100,5,16,12,101
51600,2,18,14,129
40000,7,12,10,85
80800,7,14,13,106
64200,9,17,12,120
51900,10,12,8,107
56800,6,12,12,109
97800,13,12,12,106
77900,14,12,8,106
44300,7,14,9,95
69200,11,16,12,105
41700,4,16,12,131
77300,13,11,12,93
40000,5,15,8,88
90000,9,12,11,100
70000,9,16,8,107
48500,2,16,12,104
89400,7,16,9,107
105500,14,13,8,109
56800,8,12,12,105
98700,3,16,12,133
64800,9,12,12,114
44900,8,16,14,99
58000,9,12,12,114
80000,11,12,12,123
16000,6,12,12,83
86600,3,17,12,127
68300,10,12,10,87
111500,9,12,11,100
110000,8,12,11,104
28600,6,12,11,106
51300,8,14,12,127
65000,7,13,12,109
103900,13,12,9,85
70000,8,12,9,93
31000,15,12,8,100
70900,6,16,12,88
62300,7,12,12,93
29800,9,13,12,98
62500,4,14,12,110
76900,7,16,12,113
45900,6,16,8,136
47000,9,14,11,94
39600,15,12,8,77
103900,6,16,15,113
69800,8,12,12,125
71300,4,16,13,106
33300,7,14,14,108
53900,8,12,12,102
57700,4,18,12,106
80800,10,14,12,102
72200,10,14,16,113
60000,8,12,12,96
67300,4,16,12,107
88000,4,17,14,110
90500,7,13,12,106
52000,12,10,12,103
35600,9,12,12,53
27800,6,12,12,103
40000,7,12,11,76
27300,12,10,8,90
50000,14,11,12,96
60300,16,11,12,97
47500,10,12,10,87
110000,15,12,15,89
33700,6,14,12,118
40400,7,13,8,70
75700,5,16,16,104
55400,11,16,16,113
57700,7,16,11,116
43200,5,15,10,114
45000,7,14,14,116
80700,10,13,11,109
48100,16,11,10,80
60000,4,16,8,116
69300,7,14,8,83
92300,12,15,12,104
72100,10,12,12,106
54000,7,12,9,99
45900,8,13,9,101
48500,8,13,11,74
20000,3,16,16,121
36300,10,12,8,77
68700,8,12,6,93
32500,5,13,12,114
72500,4,17,12,103
45000,14,12,9,92
35000,5,13,3,79
98000,14,12,6,92
56300,3,16,9,99
37300,2,17,9,116
55800,3,18,8,98
52900,14,13,12,114
72100,7,14,12,119
52900,3,16,12,122
85900,16,12,12,77
27500,16,12,6,95
32500,6,14,13,89
35700,9,14,16,93
36500,4,14,15,116
48200,16,12,12,110
95500,6,17,8,132
46200,3,17,12,103
41700,6,16,8,112
36100,14,12,12,99
59800,6,16,12,138
75000,6,13,10,93
38500,3,16,11,88
62000,6,16,10,96
64100,15,13,12,106
46800,4,16,9,90
46200,7,12,12,93
63500,9,12,10,92
40000,8,12,10,101
76000,8,13,10,100
56000,8,13,10,91
42500,11,11,6,71
41100,12,12,9,89
17900,8,11,3,67
37500,8,18,12,96
129800,4,18,12,127
77500,5,16,8,114
71400,9,12,10,112
42900,12,10,9,57
87500,7,13,7,102
42400,13,14,11,103
46200,3,15,7,102
51500,9,12,12,88
105300,7,12,12,88
150200,8,18,9,132
96200,12,15,14,110
23000,9,15,18,90
75000,5,18,18,96
22500,5,15,12,83
45000,7,12,12,86
86500,6,13,7,110
84600,5,16,8,114
75900,4,16,8,130
60000,2,16,8,119
87600,12,14,8,125
53300,3,16,14,108
60400,10,12,11,83
65700,9,12,12,86
62500,13,12,12,101
28000,11,12,10,70
50000,12,10,7,75
53500,8,12,7,105
60400,12,10,9,89
50500,13,12,12,80
75000,12,12,12,72
67400,8,18,12,115
91300,11,16,12,115
87900,7,17,18,102
32700,9,14,10,99
33700,7,18,12,107
38500,14,10,4,66
52900,5,16,8,108
98400,9,12,7,94
81700,16,12,8,93
26300,5,13,12,85
74500,8,18,16,99
72100,9,17,13,86
54500,8,12,12,95
25000,5,14,12,114
62400,7,14,11,74
57700,7,16,16,128
81300,3,16,18,111
62500,16,12,11,101
48500,6,14,11,111
84100,6,16,12,92
86500,5,16,12,100
32500,4,16,12,123
47700,6,14,10,69
25000,3,16,10,79
51500,6,13,10,106
25600,4,18,5,106
71800,5,13,5,115
75000,7,12,12,108
22000,13,12,11,76
68500,10,13,9,115
50000,13,15,12,104
55100,4,16,12,115
70000,8,11,12,93
70700,14,12,8,91
52300,5,17,14,125
46200,5,14,4,89
40000,5,15,5,92
87200,4,18,8,127
37800,8,12,10,80
80100,9,15,15,112
45000,14,10,9,90
36000,8,12,9,84
120200,11,16,6,115
139300,14,12,7,102
64900,12,12,9,104
45500,5,16,8,122
66100,7,12,6,107
62500,10,12,12,100
49900,8,13,12,100
53500,8,18,15,129
36800,3,18,16,129
96200,9,16,12,112
57700,9,16,12,82
57700,15,11,11,98
28900,3,15,16,124
23400,11,9,9,81
67800,15,12,9,100
31300,8,13,16,84
60100,4,18,12,132
50000,17,10,12,96
37500,10,12,12,100
55000,16,12,6,109
62500,11,16,14,84
42300,14,14,6,90
51900,8,12,12,98
35900,4,14,12,120
34900,10,11,7,63
44300,4,18,5,100
38500,8,14,13,110
43800,9,12,12,83
59600,8,16,12,113
60000,10,12,8,103
53100,13,12,10,97
137400,9,16,12,126
57700,5,14,12,108
70200,7,12,11,127
44400,3,16,14,112
56000,8,13,12,99
96200,13,13,8,94
126900,10,17,16,127
50000,6,16,16,97
58300,8,16,16,114
11200,2,17,16,116
67300,13,14,12,125
192300,6,17,12,104
46000,7,12,12,99
31500,5,16,12,127
64100,6,14,10,103
75000,7,12,10,98
35000,6,17,16,137
46200,3,18,16,137
115400,13,15,12,103
174800,12,16,12,111
76900,10,17,12,115
73000,8,15,11,109
73600,6,18,17,107
50000,3,16,13,128
36500,2,16,12,123
33300,5,13,3,91
37500,9,12,3,89
36100,7,17,8,87
52200,5,16,11,101
70600,15,12,11,90
40900,4,16,11,104
41600,6,12,12,105
78600,12,12,8,100
57700,5,16,16,111
47800,2,16,12,95
62500,4,17,16,125
50500,1,17,16,95
90900,3,16,12,124
115500,8,14,12,107
78100,9,13,12,107
41600,12,13,12,110
36400,10,13,11,80
37500,8,13,11,91
35800,6,16,5,96
52800,5,14,16,102
76900,12,12,12,81
47500,8,12,12,99
40000,6,16,16,122
39800,0,18,16,94
75000,7,13,12,102
51100,16,12,12,95
62400,9,16,11,98
60600,5,16,4,109
76000,7,12,9,115
38500,11,14,12,105
82800,5,16,10,90
40400,7,12,12,92
26700,6,15,12,113
44000,16,12,8,82
37500,8,14,12,105
65800,16,12,12,95
51400,3,15,10,92
57700,2,16,12,140
37500,10,13,10,85
50000,7,12,6,116
35000,14,12,1,85
52500,13,10,1,85
38500,3,16,12,122
30000,5,15,7,74
26700,7,12,4,110
54500,6,16,12,123
56200,5,14,12,122
57700,8,12,12,86
89000,5,15,12,80
41600,7,13,12,112
74200,7,16,12,89
62300,16,12,8,87
55000,11,12,10,95
80100,5,16,12,117
33000,10,14,12,67
68400,12,16,12,112
100000,8,15,12,119
45000,14,12,9,74
36100,5,16,12,112
61600,2,17,8,102
41500,8,12,9,95
50000,9,13,6,81
115500,4,18,10,124
52500,14,12,7,89
62500,15,8,12,91
35000,5,13,7,117
67300,8,16,11,109
35100,10,12,7,88
72300,10,12,9,67
56900,6,15,12,81
24000,8,11,12,81
41300,1,17,12,119
84800,11,12,12,83
87400,10,16,16,101
26500,7,14,8,75
83900,8,16,12,109
57700,9,16,14,111
19600,10,12,1,104
47500,14,12,4,72
50000,9,11,4,87
94500,3,16,12,106
52000,5,16,10,118
47400,7,15,11,103
37500,10,12,6,91
47500,5,16,12,101
39300,5,16,12,121
50000,10,12,8,65
47500,15,12,12,85
36500,13,12,8,70
26300,15,12,6,90
101200,5,18,12,110
83300,5,17,12,102
34600,14,9,5,67
37500,15,11,11,88
41800,8,12,7,94
86500,17,10,12,97
51900,15,13,6,98
86500,14,13,12,101
85500,4,17,12,115
83100,9,18,17,122
87500,9,16,17,117
137400,13,14,8,105
45100,12,16,8,113
68400,10,18,17,101
91300,13,13,12,113
85500,14,13,12,88
37500,11,12,12,93
44100,5,16,5,117
41000,14,12,7,83
30000,6,15,12,103
69300,4,16,16,113
101200,6,18,10,124
45200,5,15,12,123
49200,3,18,16,98
57700,6,14,12,107
65500,15,12,10,114
70900,4,16,11,119
51100,6,14,9,82
62500,16,12,1,89
46000,5,14,10,111
62500,13,14,7,104
41400,8,13,4,73
52000,11,12,3,74
49000,7,12,3,77
42500,7,18,12,98
74500,7,13,12,97
32000,10,12,16,96
60600,6,17,14,99
32500,9,12,6,68
82100,10,13,12,83
81000,14,12,12,97
37400,8,12,12,98
30000,14,12,12,95
64100,8,18,13,103
58500,13,12,6,105
32500,12,12,5,86
61700,6,13,9,95
55000,4,16,7,100
62500,14,10,8,81
50000,15,10,6,85
27500,16,10,12,79
60000,4,18,4,101
57700,8,13,8,100
37500,9,12,8,84
30400,8,12,8,74
63500,7,14,11,107
67300,14,12,6,93
37500,19,9,6,69
77000,7,17,17,113
55800,3,17,16,114
176300,4,18,12,126
69500,16,12,8,92
50900,6,12,9,127
81800,15,12,6,109
60000,12,12,10,97
50700,9,11,0,66
60600,8,12,9,78
106800,9,16,16,109
163500,12,14,8,93
86000,8,16,4,109
75000,4,15,16,105
110600,15,12,10,66
29100,7,17,11,122
33200,8,12,11,103
41700,7,13,12,100
62500,11,13,8,85
46200,9,12,8,81
52000,6,18,12,105
15000,8,14,8,116
38500,5,18,4,121
57700,13,15,12,109
53800,10,18,14,121
80100,5,17,16,126
50000,1,17,16,120
89400,10,13,12,78
62500,7,14,12,54
32300,8,14,12,60
57700,14,12,8,98
24100,15,10,12,94
75800,5,17,13,128
197900,10,16,9,94
69500,14,12,12,98
49100,4,16,16,105
29800,8,13,12,87
30800,6,13,12,71
109700,5,13,12,117
41300,7,11,12,94
50000,7,12,11,88
58900,4,15,12,85
62500,9,13,12,102
77800,5,16,13,116
40000,7,13,8,82
127500,4,18,12,114
67300,10,12,11,65
28000,11,10,11,84
200300,6,18,12,105
86600,7,16,12,108
88000,11,15,12,93
55000,8,12,12,96
61000,8,14,7,92
57700,6,13,12,107
82400,7,16,12,106
86500,8,17,16,119
67300,12,14,8,82
84500,6,13,12,115
88500,5,14,12,77
69300,7,14,12,101
85100,16,12,12,97
73800,11,12,10,110
48100,5,14,10,86
79500,8,16,16,126
86900,16,12,12,96
57700,5,16,13,117
138500,10,17,12,111
67500,12,12,8,67
65700,15,12,12,102
120000,6,15,12,95
211500,16,12,0,64
59500,12,10,12,118
83300,11,15,12,104
72100,11,14,7,118
16700,13,12,12,71
46700,7,14,12,114
64300,3,18,13,118
60000,15,13,12,75
40000,6,12,10,149
100000,5,13,12,108
66600,8,14,12,108
78500,8,14,12,112
66700,7,15,12,108
30000,9,10,8,93
69700,8,16,12,119
43800,13,14,12,94
68500,6,13,11,68
41400,6,14,6,103
75100,7,12,14,104
23100,7,13,16,119
50500,7,16,14,90
60000,8,16,12,129
105800,8,18,18,125
62700,11,15,11,100
105000,11,16,8,112
98300,8,18,16,128
128200,10,18,13,84
81800,8,12,12,84
50000,1,17,16,120
72000,14,12,8,97
53800,11,12,12,102
30000,8,11,9,91
99600,5,18,12,131
58200,5,17,12,107
23100,4,16,12,126
53900,3,16,12,107
62800,13,15,8,92
23100,5,16,12,92
71600,5,18,12,119
50000,5,15,12,76
20000,8,11,10,107
110600,11,16,9,111
58300,11,12,11,92
40400,8,16,12,115
27700,5,16,12,123
96200,2,17,11,107
69200,9,15,12,107
56300,10,12,12,105
67300,11,14,12,111
85600,10,16,11,107
26000,10,16,4,117
57500,7,15,4,116
62600,5,13,8,108
144300,14,12,12,115
33600,8,14,11,101
57700,9,12,11,98
25000,7,15,0,87
109000,9,18,12,114
46200,2,18,12,116
62500,14,12,12,90
81700,3,16,8,115
36100,8,14,4,113
32000,9,12,12,87
34700,10,16,12,91
28200,10,10,2,90
69900,6,12,14,125
61500,6,12,10,107
43300,8,11,12,88
53400,3,16,12,117
62500,4,16,12,92
57700,2,18,12,122
84300,6,12,12,98
40400,4,16,12,123
101400,7,18,12,116
32500,7,16,4,114
77100,9,15,8,91
70000,4,14,13,125
54800,1,17,7,126
62500,4,16,5,101
91100,6,16,7,101
74500,15,12,16,116
67400,6,12,12,103
81700,6,16,12,113
77000,4,15,10,111
72700,6,15,9,116
68800,7,14,12,94
56000,6,14,13,108
50000,6,16,14,123
72600,6,16,12,109
96200,11,16,12,124
61500,10,17,14,89
115400,13,13,10,114
67500,10,13,8,121
42200,8,12,10,103
106300,7,12,12,96
117500,9,18,14,117
120000,11,12,12,100
80100,10,15,12,91
54300,13,12,11,97
75000,12,14,12,94
45000,14,14,10,103
85500,15,12,12,101
72800,6,14,8,94
69300,16,12,11,112
102500,11,10,12,73
115400,8,14,8,104
72700,13,15,0,105
53500,14,14,11,106
53200,7,12,11,101
28900,7,13,11,86
31300,3,17,12,119
40400,5,13,16,83
110000,6,18,12,114
66000,9,12,2,104
43300,14,12,12,99
40000,4,17,16,126
26300,5,15,13,101
57700,12,16,18,109
43300,6,12,13,110
47000,2,17,12,104
25500,2,17,14,118
104900,12,12,12,90
184600,11,17,4,98
76900,12,15,12,112
47900,4,16,18,128
34100,2,16,13,113
90600,12,14,12,102
35100,15,12,8,93
77500,11,12,9,92
70000,8,12,9,124
59200,4,16,12,119
53300,9,12,8,96
41700,3,16,13,110
139400,10,18,12,118
54800,16,12,10,96
65700,7,11,12,80
62400,10,13,12,137
44200,9,16,12,113
57700,6,15,12,93
54000,8,13,12,93
84100,9,15,12,116
72400,9,14,8,106
57700,13,12,12,69
51100,11,12,6,78
31100,4,15,7,87
57700,16,12,8,99
63100,9,12,16,92
66600,3,16,16,113
40000,7,14,12,119
42300,10,13,12,98
64700,5,16,16,99
84000,3,16,14,112
62500,4,15,12,115
91900,9,16,6,117
73000,13,12,8,96
48300,9,14,12,75
41100,7,12,10,108
50000,4,17,16,92
73300,12,15,16,95
45900,11,13,12,88
72100,6,16,12,106
69900,11,15,8,95
78500,10,14,15,94
92500,7,16,13,105
44900,6,14,13,115
32500,3,15,14,117
47000,4,18,14,93
54100,16,12,7,115
57700,10,16,14,98
106800,10,16,12,105
72100,14,12,7,109
67300,8,17,11,95
73900,4,17,12,120
80100,12,13,12,91
55000,7,13,12,109
54000,9,12,12,87
79000,10,16,13,110
69300,8,14,10,97
25000,4,16,10,110
63500,17,9,4,74
41300,14,12,9,95
41300,13,12,12,85
53100,13,14,10,105
63500,7,16,10,122
14400,7,14,12,114
55000,11,14,13,129
48600,14,12,8,100
59800,8,17,14,108
80000,5,16,12,122
81200,5,16,9,119
43300,3,17,8,129
75100,5,17,8,79
29400,6,14,12,109
42700,7,12,12,105
54200,7,14,14,101
48000,7,12,12,83
72300,15,12,8,110
22000,7,12,14,92
120200,7,13,10,113
40000,5,13,12,115
60100,7,16,12,109
48100,11,12,8,114
70000,11,16,12,110
76900,9,12,9,102
52900,5,14,9,118
45000,8,16,9,112
64900,13,13,0,114
71900,11,16,8,102
67300,12,16,10,83
35000,0,18,12,107
76900,8,14,9,81
65000,8,12,6,85
75100,15,9,4,72
40100,10,12,6,86
45000,13,12,12,68
17300,5,17,15,115
26000,16,12,6,95
38500,3,16,12,87
81700,11,17,12,116
96200,8,16,12,95
40800,9,13,12,94
62000,8,14,10,96
23000,7,12,12,99
115500,8,18,12,106
50000,10,12,2,85
75000,7,12,12,100
32300,3,15,12,92
103800,9,13,12,101
49100,3,16,15,104
52500,10,13,12,88
73700,6,15,16,97
59900,6,14,10,83
113100,9,18,18,71
40000,4,16,12,117
29000,7,12,5,65
38000,7,13,10,87
65600,6,12,9,116
71100,14,12,12,106
48100,9,14,12,93
64100,3,16,12,112
59600,14,12,14,98
153800,10,16,14,103
86000,15,12,12,103
30800,9,12,12,91
54000,10,13,10,87
34400,8,13,10,100
50000,7,12,10,96
37800,3,18,10,62
18800,4,15,10,60
100000,10,12,8,83
53800,6,12,10,123
35500,7,13,8,67
102600,8,13,13,104
29500,9,17,14,106
55000,8,12,6,85
53800,9,12,8,81
71100,9,12,12,109
22900,11,12,4,76
22000,9,12,3,73
31000,11,12,2,62
30300,9,12,9,76
45000,7,13,12,104
43800,8,12,11,103
84600,10,16,12,106
31300,6,14,14,112
42900,13,12,9,94
49000,9,14,9,83
40000,13,14,2,91
70000,14,11,10,81
38100,16,10,5,87
46500,10,12,12,118
55000,9,13,8,85
44000,9,12,8,73
45700,8,12,6,75
43800,9,12,5,95
55000,9,12,5,102
65000,3,16,16,107
42300,9,11,3,86
42000,8,13,8,104
20000,5,14,8,106
71400,12,12,7,95
39800,7,12,8,116
39800,14,9,8,66
73400,6,16,0,101
68800,7,12,12,96
45500,13,12,9,104
57700,6,16,16,138
69900,9,16,14,105
37500,5,16,12,106
22000,11,12,4,67
34100,4,16,10,97
28800,10,15,9,108
86600,6,18,13,125
43300,7,12,8,106
40000,11,12,6,99
54700,14,12,12,96
50000,5,14,12,114
35500,2,16,15,117
60000,11,12,12,105
65000,16,12,3,106
84800,14,12,8,102
45700,4,14,5,99
41300,15,13,12,90
64900,3,16,16,101
72100,6,16,12,118
91300,14,12,9,108
37500,7,13,5,101
59200,3,18,12,127
76400,10,16,12,114
27500,8,11,10,76
96200,6,16,16,132
62500,10,12,3,50
62500,11,12,10,55
46300,9,11,9,84
26600,6,13,12,69
21400,13,10,9,69
68800,10,12,12,104
45700,16,10,10,92
33500,8,13,12,97
48100,10,12,10,83
64200,8,12,10,98
57300,9,10,10,70
40000,7,13,4,87
30000,3,15,12,96
58000,18,10,12,80
32100,4,14,12,102
55300,7,16,12,104
72100,7,18,9,104
72900,6,13,12,101
31400,7,12,8,115
67300,4,17,11,107
48300,4,16,10,98
76900,3,16,10,96
62600,8,12,11,99
80300,7,16,12,112
44700,3,16,12,118
31900,7,15,9,83
61600,8,16,12,107
35400,10,12,12,91
42500,4,18,12,96
26500,8,12,12,89
42600,4,14,13,118
25000,7,12,10,113
56000,2,17,12,116
28900,11,12,7,105
39300,4,16,7,120
57700,8,12,7,107
34600,9,17,11,94
128200,6,16,12,98
86500,5,17,16,126
41300,4,14,16,96
40400,7,14,7,84
72100,13,12,7,108
57700,12,12,8,104
50000,8,12,8,110
25000,11,12,6,96
15500,8,12,7,106
40600,9,12,7,68
35000,15,12,3,83
50000,18,10,12,70
84600,8,16,11,104
57700,11,12,12,87
40000,6,16,12,110
74100,17,11,12,87
35000,5,14,12,100
43800,8,12,14,91
75100,8,16,12,109
57700,6,18,14,112
40400,8,16,12,106
61600,12,12,12,94
38500,9,12,6,95
67200,9,15,12,89
62500,10,12,10,85
50000,10,10,12,97
33100,9,12,7,83
58500,10,12,10,99
32000,9,13,9,75
30000,11,11,9,68
73800,10,16,12,107
64100,7,13,7,105
37500,12,9,8,75
53500,14,13,5,83
36100,11,10,6,86
30000,12,9,7,96
55800,10,12,12,90
48600,16,12,5,86
53400,8,12,12,101
121500,5,16,13,84
57700,5,17,12,116
25000,7,14,10,99
40000,8,12,11,107
30000,10,13,14,116
41600,4,15,11,109
74000,7,16,12,76
27300,8,15,12,72
28900,3,16,12,65
30600,8,12,12,93
57300,9,18,7,108
38900,16,12,12,107
110600,10,16,12,110
24500,2,16,10,114
40000,12,12,6,72
30000,9,10,9,117
55300,5,16,15,107
40900,7,12,9,114
52300,5,13,10,120
51300,4,16,12,97
69100,11,14,14,130
42500,5,16,12,107
54200,6,12,12,100
50500,7,12,11,103
59100,2,17,10,108
41900,3,16,13,111
37500,4,16,12,114
36900,3,17,2,112
43800,9,11,8,95
61900,6,17,13,138
63500,11,16,12,96
50000,8,12,11,105
87500,14,12,11,98
20000,14,11,8,62
24500,12,12,8,67
96200,5,17,12,97
74300,4,16,12,112
45000,6,12,9,102
79400,15,11,0,70
46200,12,14,8,92
22500,13,10,5,90
57700,9,13,10,83
20000,9,10,8,75
53900,7,16,16,95
35400,6,16,12,104
25000,11,11,15,85
69300,6,16,12,114
42000,10,12,12,82
36600,15,12,16,65
91300,9,16,8,113
34000,11,11,9,100
46300,14,9,5,68
20000,12,12,2,76
31500,3,15,8,101
62500,8,16,8,78
45000,11,12,12,101
26300,9,12,7,100
43200,7,14,12,105
51300,8,16,16,82
38500,4,16,11,79
50000,8,13,8,102
47000,6,12,7,77
